<?xml version="1.0" encoding="UTF-8"?>
<!DOCTYPE mapper PUBLIC "-//mybatis.org//DTD Mapper 3.0//EN" "http://mybatis.org/dtd/mybatis-3-mapper.dtd">
<mapper namespace="Notice">
	<select id="selectAll"  resultType="Notice">
		select * from notice order by notice_idx desc
	</select>
	
	<select id="select"  resultType="Notice" parameterType="int">
		select * from notice where notice_idx=#{notice_idx}
	</select>
	
	<insert id="insert" parameterType="Notice">
		insert into notice(title, writer, content)
		values(#{title}, #{writer}, #{content},) 
	</insert>

	<update id="update" parameterType="Notice">
		update notice set title=#{title}, writer=#{writer}, content=#{content}
		where notice_idx=#{notice_idx}
	</update>
	
	<delete id="delete" parameterType="int">
		delete from notice where notice_idx=#{notice_idx}
	</delete>

	
</mapper>