<?xml version="1.0" encoding="UTF-8"?>
<!DOCTYPE mapper PUBLIC "-//mybatis.org//DTD Mapper 3.0//EN" "http://mybatis.org/dtd/mybatis-3-mapper.dtd">
<mapper namespace="Photo">
	
	<select id="selectAll" resultType="Photo">
		select * from photo order by photo_idx desc
	</select>
	
	<select id="select" parameterType="int" resultType="Photo">
		select * from photo where photo_idx=#{photo_idx}
	</select>
	<select id="selectByGallery" parameterType="int" resultType="Photo">
		select * from photo where gallery_idx=#{gallery_idx}
	</select>
	
	<insert id="insert" parameterType="Photo">
		insert into photo(photo_idx, filename, gallery_idx)
		values(seq_photo.nextval, #{filename}, #{gallery.gallery_idx}) 
	</insert>

	
	<!--하나의 글에 소속된 모든 사진 지우기 : 모두 지우고 다시 등록하기 때문에 update 없음-->
	<delete id="deleteByGallery" parameterType="int">
		delete photo where gallery_idx=#{gallery_idx}
	</delete>
	
</mapper>